model_slot,model_name,n,valid_json_rate,validator_allow_rate,validator_human_review_rate,validator_reject_rate,policy_violation_rate,critical_violation_rate,unsafe_allow_count,unsafe_allow_rate,critical_unsafe_allow_count,critical_unsafe_allow_rate,planner_validator_agreement_rate,human_review_load,planner_reject_rate,planner_allow_rate,risk_weighted_loss_mean,risk_weighted_loss_total
cheap_frontier_proprietary,anthropic/claude-haiku-4.5,1760,1.0,0.3210227272727273,0.3028409090909091,0.37613636363636366,0.6789772727272727,0.12613636363636363,15,0.008522727272727272,0,0.0,0.3403409090909091,0.9454545454545454,0.02159090909090909,0.03295454545454545,0.17386363636363636,306.0
open_weight_instruct,qwen/qwen3-30b-a3b-instruct-2507,1760,1.0,0.31477272727272726,0.3028409090909091,0.38238636363636364,0.6852272727272727,0.13238636363636364,310,0.17613636363636365,51,0.028977272727272727,0.3755681818181818,0.6170454545454546,0.0022727272727272726,0.3806818181818182,0.8255681818181818,1453.0
cost_efficient_proprietary,google/gemini-2.5-flash-lite,1760,1.0,0.225,0.2869318181818182,0.48806818181818185,0.775,0.23863636363636365,327,0.18579545454545454,4,0.0022727272727272726,0.6267045454545455,0.2948863636363636,0.30511363636363636,0.4,0.6539772727272727,1151.0
