model,n,accuracy,macro_f1,unsafe_allow_rate,critical_unsafe_allow_proxy_rate,human_review_load,risk_weighted_safety_loss_proxy
Dummy majority baseline,264,0.3787878787878788,0.18315018315018317,0.0,0.0,1.0,0.6439393939393939
TF-IDF Linear SVM,264,1.0,1.0,0.0,0.0,0.3787878787878788,0.0
TF-IDF Logistic Regression,264,0.9886363636363636,0.9884722449647945,0.011363636363636364,0.0,0.36742424242424243,0.022727272727272728
Char TF-IDF Linear SVM,264,0.9810606060606061,0.9808372802003374,0.01893939393939394,0.0,0.35984848484848486,0.03787878787878788
Semantic-policy validator v5.6,264,1.0,1.0,0.0,0.0,0.3787878787878788,0.0
Hybrid semantic override v5.6,264,1.0,1.0,0.0,0.0,0.3787878787878788,0.0
